{"cameraMode":{"drawMode":0,"name":"Shaded","section":"Shading Mode"},"sceneLighting":true,"audioPlay":false,"sceneViewState":{"m_AlwaysRefresh":true,"showFog":true,"showSkybox":true,"showFlares":true,"showImageEffects":true,"showParticleSystems":true,"showVisualEffectGraphs":true,"m_FxEnabled":true},"in2DMode":false,"pivot":{"x":8.702749252319336,"y":-1.5417416095733643,"z":4.930375099182129},"rotation":{"x":0.1075119897723198,"y":-0.07151883095502854,"z":0.007755356840789318,"w":0.9916061758995056},"size":5.442358493804932,"orthographic":false}