{"cameraMode":{"drawMode":0,"name":"Shaded","section":"Shading Mode"},"sceneLighting":true,"audioPlay":false,"sceneViewState":{"m_AlwaysRefresh":true,"showFog":true,"showSkybox":true,"showFlares":true,"showImageEffects":true,"showParticleSystems":true,"showVisualEffectGraphs":true,"m_FxEnabled":true},"in2DMode":false,"pivot":{"x":9.385960578918457,"y":-1.2788197994232178,"z":4.8389811515808109},"rotation":{"x":0.19258585572242738,"y":0.011769569478929043,"z":-0.002311102580279112,"w":0.9812109470367432},"size":2.9399948120117189,"orthographic":false}